{
    "warId": "unknown_war_id",
    "inWar": true,
    "warDays": [
        "2025-12-30",
        "2026-01-12"
    ],
    "players": {
        "#2LY2GLJQL": {
            "name": "JOSA",
            "history": {
                "2025-12-30": 0,
                "2026-01-12": 0
            }
        },
        "#U220VCULP": {
            "name": "joão3:16",
            "history": {
                "2025-12-30": 0,
                "2026-01-12": 0
            }
        },
        "#2LR0RR89Q": {
            "name": "Chetto",
            "history": {
                "2025-12-30": 0,
                "2026-01-12": 0
            }
        },
        "#90U8CVP90": {
            "name": "Mila",
            "history": {
                "2025-12-30": 0,
                "2026-01-12": 0
            }
        },
        "#YYUQV9UQ": {
            "name": "sj pro",
            "history": {
                "2025-12-30": 0,
                "2026-01-12": 0
            }
        },
        "#9RUUG2R8": {
            "name": "Nico",
            "history": {
                "2025-12-30": 0,
                "2026-01-12": 0
            }
        },
        "#8U008PQU8": {
            "name": "RobaFrag",
            "history": {
                "2025-12-30": 0,
                "2026-01-12": 0
            }
        },
        "#LVGCLQQ8L": {
            "name": "Luciano",
            "history": {
                "2025-12-30": 0,
                "2026-01-12": 0
            }
        },
        "#U0CGGG8R0": {
            "name": "alm ícaro⁷⁷⁷",
            "history": {
                "2025-12-30": 1,
                "2026-01-12": 0
            }
        },
        "#8R2LRC80Q": {
            "name": "Daniele❤",
            "history": {
                "2025-12-30": 0,
                "2026-01-12": 0
            }
        },
        "#22CGYQ2UP": {
            "name": "MJK⚡️SPARKY",
            "history": {
                "2025-12-30": 0
            }
        },
        "#YPJUU2ULU": {
            "name": "Vinícius",
            "history": {
                "2025-12-30": 0
            }
        },
        "#G9UJUQ9P": {
            "name": "•Tåvåres•",
            "history": {
                "2025-12-30": 0
            }
        },
        "#8JULVVL0J": {
            "name": "Alvaro",
            "history": {
                "2025-12-30": 0,
                "2026-01-12": 0
            }
        },
        "#PYVJVURP0": {
            "name": "NEGUIM244",
            "history": {
                "2025-12-30": 0
            }
        },
        "#U8VP8L8L0": {
            "name": "tavin",
            "history": {
                "2025-12-30": 1,
                "2026-01-12": 0
            }
        },
        "#PU0UGR9Y9": {
            "name": "SLOWBURN671",
            "history": {
                "2025-12-30": 0
            }
        },
        "#UJRLJY0L2": {
            "name": "51 é pinga",
            "history": {
                "2025-12-30": 0,
                "2026-01-12": 4
            }
        },
        "#2P299V0CU": {
            "name": "Sotto ツ",
            "history": {
                "2025-12-30": 0,
                "2026-01-12": 0
            }
        },
        "#UU0RCRLQU": {
            "name": "super",
            "history": {
                "2025-12-30": 0,
                "2026-01-12": 0
            }
        },
        "#JY9LGUVGC": {
            "name": "Carlos Daniel™",
            "history": {
                "2025-12-30": 0
            }
        },
        "#2VLR9U90": {
            "name": "EDDIE",
            "history": {
                "2025-12-30": 4,
                "2026-01-12": 4
            }
        },
        "#208JPG9R": {
            "name": "antedeguemon",
            "history": {
                "2025-12-30": 0
            }
        },
        "#28RPQGG09": {
            "name": "gabriel 3$",
            "history": {
                "2025-12-30": 4,
                "2026-01-12": 0
            }
        },
        "#PG2LUY0PP": {
            "name": "^_^^_^",
            "history": {
                "2025-12-30": 0,
                "2026-01-12": 0
            }
        },
        "#UPR022QUR": {
            "name": "Bruno",
            "history": {
                "2025-12-30": 0,
                "2026-01-12": 0
            }
        },
        "#8C8RY8GL9": {
            "name": "Zenitsu愛",
            "history": {
                "2025-12-30": 0,
                "2026-01-12": 0
            }
        },
        "#99PJ9QQPC": {
            "name": "⭐O SENTINELA ⭐",
            "history": {
                "2025-12-30": 4,
                "2026-01-12": 0
            }
        },
        "#GRY890GY2": {
            "name": "domador de but",
            "history": {
                "2025-12-30": 0,
                "2026-01-12": 0
            }
        },
        "#UG2Q28P8C": {
            "name": "danilo",
            "history": {
                "2025-12-30": 0,
                "2026-01-12": 0
            }
        },
        "#CJRCPL88P": {
            "name": "WvCly",
            "history": {
                "2025-12-30": 0,
                "2026-01-12": 0
            }
        },
        "#UC0YYLPRJ": {
            "name": "zkkjoao",
            "history": {
                "2025-12-30": 0
            }
        },
        "#PJL0Q2J2": {
            "name": "PedrinhoR14",
            "history": {
                "2025-12-30": 0,
                "2026-01-12": 0
            }
        },
        "#YJUG9Y88": {
            "name": "Dockz",
            "history": {
                "2025-12-30": 0,
                "2026-01-12": 0
            }
        },
        "#C8C20C0JQ": {
            "name": "isp",
            "history": {
                "2025-12-30": 0,
                "2026-01-12": 0
            }
        },
        "#9090JY2LU": {
            "name": "WEZY",
            "history": {
                "2025-12-30": 0
            }
        },
        "#UGUULGQ8Y": {
            "name": "Asten Acady",
            "history": {
                "2025-12-30": 4,
                "2026-01-12": 0
            }
        },
        "#90LLGLPR0": {
            "name": "Pedro PH",
            "history": {
                "2025-12-30": 0,
                "2026-01-12": 0
            }
        },
        "#9RPCC2VCG": {
            "name": "DGJ-DAVI",
            "history": {
                "2025-12-30": 0,
                "2026-01-12": 0
            }
        },
        "#PQV9QQRQ0": {
            "name": "luba",
            "history": {
                "2025-12-30": 0,
                "2026-01-12": 0
            }
        },
        "#VL292PYGJ": {
            "name": "nivelador",
            "history": {
                "2025-12-30": 0,
                "2026-01-12": 0
            }
        },
        "#V9PCU0LCV": {
            "name": "gabiggoughost",
            "history": {
                "2025-12-30": 4,
                "2026-01-12": 0
            }
        },
        "#UUJQVQUGG": {
            "name": "ed",
            "history": {
                "2025-12-30": 4,
                "2026-01-12": 0
            }
        },
        "#R9UP0QLR9": {
            "name": "ZackThunder",
            "history": {
                "2025-12-30": 0,
                "2026-01-12": 0
            }
        },
        "#9GPRG9QPL": {
            "name": "Guizx7",
            "history": {
                "2025-12-30": 0
            }
        },
        "#UJRQ2L09": {
            "name": "O GUARDIÃO",
            "history": {
                "2025-12-30": 4,
                "2026-01-12": 4
            }
        },
        "#9QCL9JJC9": {
            "name": "BRS⚔️ASHURA",
            "history": {
                "2025-12-30": 4,
                "2026-01-12": 0
            }
        },
        "#VUQ0PV8PV": {
            "name": "andrebts",
            "history": {
                "2025-12-30": 0,
                "2026-01-12": 0
            }
        },
        "#GVG0CLQP": {
            "name": "Rhosan",
            "history": {
                "2025-12-30": 0
            }
        },
        "#9VL8UUV2P": {
            "name": "ERIK_LDEA",
            "history": {
                "2025-12-30": 0
            }
        },
        "#9VU0ULVCG": {
            "name": "SAMUKA™",
            "history": {
                "2025-12-30": 0
            }
        },
        "#C8G9JJL89": {
            "name": "santsx777",
            "history": {
                "2025-12-30": 0
            }
        },
        "#9CP9Y9ULU": {
            "name": "john",
            "history": {
                "2025-12-30": 0,
                "2026-01-12": 0
            }
        },
        "#LYL9CU0P0": {
            "name": "OneDePrata",
            "history": {
                "2025-12-30": 0,
                "2026-01-12": 0
            }
        },
        "#LVQRP2LGG": {
            "name": "luck",
            "history": {
                "2025-12-30": 0,
                "2026-01-12": 0
            }
        },
        "#82QC0YL2C": {
            "name": "Theus Carvalho",
            "history": {
                "2025-12-30": 4,
                "2026-01-12": 4
            }
        },
        "#PCPCJU20Y": {
            "name": "polaris",
            "history": {
                "2025-12-30": 0,
                "2026-01-12": 0
            }
        },
        "#98V28R98U": {
            "name": "Destroyer Demon",
            "history": {
                "2025-12-30": 0
            }
        },
        "#9P9U9CCQL": {
            "name": "♤✌ROBERT✌♤",
            "history": {
                "2025-12-30": 0
            }
        },
        "#RQJP2QPRL": {
            "name": "v1ny",
            "history": {
                "2025-12-30": 0
            }
        },
        "#LLGUL2RUJ": {
            "name": "mathi❄️",
            "history": {
                "2025-12-30": 1,
                "2026-01-12": 0
            }
        },
        "#98R298Q2L": {
            "name": "✨ J ✨",
            "history": {
                "2025-12-30": 0
            }
        },
        "#UP0U9PPJP": {
            "name": "muerte19",
            "history": {
                "2025-12-30": 0
            }
        },
        "#9PCQY89PV": {
            "name": "luisinn7",
            "history": {
                "2025-12-30": 0
            }
        },
        "#RCG2GYL8Y": {
            "name": "ThurWard",
            "history": {
                "2025-12-30": 0
            }
        },
        "#200JYCVYGY": {
            "name": "Rodolfos",
            "history": {
                "2025-12-30": 4,
                "2026-01-12": 4
            }
        },
        "#20C8G8J2V": {
            "name": "julio",
            "history": {
                "2025-12-30": 0
            }
        },
        "#CPQ8LRLPV": {
            "name": "kauansin777",
            "history": {
                "2025-12-30": 0,
                "2026-01-12": 0
            }
        },
        "#VVJCGCG0V": {
            "name": "DNZ",
            "history": {
                "2025-12-30": 0
            }
        },
        "#28PQJJU2G": {
            "name": "Gustavo Clash",
            "history": {
                "2025-12-30": 0,
                "2026-01-12": 0
            }
        },
        "#CU829GUV0": {
            "name": "Luiz Fernando™",
            "history": {
                "2025-12-30": 0,
                "2026-01-12": 4
            }
        },
        "#UUJC900UG": {
            "name": "nova",
            "history": {
                "2026-01-12": 0
            }
        },
        "#8LRQJLPCQ": {
            "name": "Yzzy the best ¿",
            "history": {
                "2026-01-12": 0
            }
        },
        "#U89CJJGUV": {
            "name": "RaiNascimento",
            "history": {
                "2026-01-12": 4
            }
        },
        "#V9QU2YVUQ": {
            "name": "Teixeirazzqw",
            "history": {
                "2026-01-12": 0
            }
        },
        "#CLYJQ2V00": {
            "name": "5C4RF4C3",
            "history": {
                "2026-01-12": 0
            }
        },
        "#2CVYQL8VP": {
            "name": "caioba_",
            "history": {
                "2026-01-12": 0
            }
        },
        "#QUVLYY0VY": {
            "name": "Grimmer 狼",
            "history": {
                "2026-01-12": 0
            }
        },
        "#CV20VPL8R": {
            "name": "mini.peka",
            "history": {
                "2026-01-12": 0
            }
        }
    }
}